<?xml version="1.0" encoding="UTF-8" ?>
<!DOCTYPE configuration
        PUBLIC "-//mybatis.org//DTD Config 3.0//EN"
        "http://mybatis.org/dtd/mybatis-3-config.dtd">
<configuration>
    <!--起别名-->
    <typeAliases>
        <package name="com.itheima.pojo"/>
    </typeAliases>

    <environments default="development">
        <environment id="development">
            <transactionManager type="JDBC"/>
            <dataSource type="POOLED">
                <property name="driver" value="org.postgresql.Driver"/>
                <property name="url" value="jdbc:postgresql://124.70.67.64:26000/demo"/>
                <property name="username" value="dbuser"/>
                <property name="password" value="qq8819889."/>
            </dataSource>
        </environment>
    </environments>
    <mappers>
        <!--扫描mapper-->
        <package name="com.itheima.mapper"/>
    </mappers>
</configuration>